rubr0;rubr1;rubr_1_qty;rubr_1_import_share;rubr_0_qty;rubr_0_import_share
ph-метры;ph-метры;6102;0.3;7139;0.26
ph-метры;метры деревянные брусковые;1037;0.02;7139;0.26
акселерометры;акселерометры;3483;0.81;7415;0.73
акселерометры;шумомеры;3932;0.66;7415;0.73
амперметры;амперметры;12465;0.52;112219;0.18
амперметры;амперметры и вольтметры;21359;0.02;112219;0.18
амперметры;амперметры переносные;4869;0.3;112219;0.18
амперметры;амперметры щитовые;968;0.45;112219;0.18
амперметры;амперметры, вольтметры;11853;0.61;112219;0.18
амперметры;микpоампеpметpы, милливольтметpы, миллиампеpметpы, ампеpметpы;3594;1.0;112219;0.18
амперметры;микроамперметры;44433;0.0;112219;0.18
амперметры;микроамперметры и миллиамперметры;2467;0.01;112219;0.18
амперметры;миллиамперметры;1998;0.05;112219;0.18
амперметры;миллиамперметры, амперметры и вольтметры;8213;0.0;112219;0.18
анализаторы;анализаторы;23008;0.76;78125;0.43
анализаторы;анализаторы биохимические;839;0.86;78125;0.43
анализаторы;анализаторы вибрации;241;0.14;78125;0.43
анализаторы;анализаторы влажности;967;0.61;78125;0.43
анализаторы;анализаторы вольтамперометрические;1705;0.22;78125;0.43
анализаторы;анализаторы гематологические;2199;0.99;78125;0.43
анализаторы;анализаторы дымовых газов;1568;0.83;78125;0.43
анализаторы;анализаторы жидкости;6420;0.46;78125;0.43
анализаторы;анализаторы инфракрасные;3185;0.45;78125;0.43
анализаторы;анализаторы кабельные;331;0.45;78125;0.43
анализаторы;анализаторы качества электрической энергии;950;0.25;78125;0.43
анализаторы;анализаторы кислорода;494;0.59;78125;0.43
анализаторы;анализаторы молока;980;0.19;78125;0.43
анализаторы;анализаторы мочи;1431;0.87;78125;0.43
анализаторы;анализаторы пыли;288;0.64;78125;0.43
анализаторы;анализаторы размеров частиц лазерные;72;0.71;78125;0.43
анализаторы;анализаторы растворенного кислорода;806;0.02;78125;0.43
анализаторы;анализаторы рентгенофлуоресцентные;575;0.74;78125;0.43
анализаторы;анализаторы сигналов;3059;0.5;78125;0.43
анализаторы;анализаторы спектра;1675;0.77;78125;0.43
анализаторы;анализаторы углерода и серы;292;0.76;78125;0.43
анализаторы;анализаторы цепей векторные;394;0.62;78125;0.43
анализаторы;экспресс-анализаторы (глюкометры) портативные;26646;0.03;78125;0.43
анемометры;анемометры сигнальные цифровые;2965;0.07;216823;0.02
анемометры;ареометры стеклянные;65613;0.01;216823;0.02
анемометры;аудиометры;1015;0.25;216823;0.02
анемометры;барометры-анероиды;5881;0.0;216823;0.02
анемометры;гигрометры;126669;0.0;216823;0.02
анемометры;зонды гидрологические;166;0.87;216823;0.02
анемометры;микроманометры;310;0.0;216823;0.02
анемометры;нефелометры;2394;0.06;216823;0.02
анемометры;профилометры;122;0.3;216823;0.02
анемометры;термогигрометры;11688;0.24;216823;0.02
антенны;антенны измерительные;842;0.14;1678;0.24
антенны;аттенюаторы;836;0.34;1678;0.24
аппаратура;gnss-приемники спутниковые геодезические многочастотные;1226;0.95;22092;0.38
аппаратура;gps-приемники спутниковые геодезические одночастотные;332;1.0;22092;0.38
аппаратура;gps/глонасс-приемники спутниковые геодезические двухчастотные;255;1.0;22092;0.38
аппаратура;аппаратура;10394;0.05;22092;0.38
аппаратура;аппаратура геодезическая спутниковая;7795;0.74;22092;0.38
аппаратура;гнсс-приемники спутниковые геодезические многочастотные;36;0.25;22092;0.38
аппаратура;имитаторы расхода;303;0.04;22092;0.38
аппаратура;приемники;13;0.92;22092;0.38
аппаратура;приемники измерительные;1685;0.14;22092;0.38
аппаратура;приемники-компараторы;53;0.09;22092;0.38
аппараты;аппараты высоковольтные испытательные;1958;0.12;33037;0.69
аппараты;пульсоксиметры;23027;0.93;33037;0.69
аппараты;ротаметры;7161;0.13;33037;0.69
аппараты;стандарты частоты и времени;891;0.22;33037;0.69
аспираторы;аспираторы;2783;0.01;9654;0.04
аспираторы;аспираторы сильфонные;3496;0.0;9654;0.04
аспираторы;излучатели в виде модели;90;0.03;9654;0.04
аспираторы;пробоотборники воздуха автоматические;872;0.1;9654;0.04
аспираторы;трубки напорные;2413;0.1;9654;0.04
блоки;блоки детектирования;188;0.0;8907;0.01
блоки;блоки извлечения корня;808;0.0;8907;0.01
блоки;блоки обработки данных;94;0.0;8907;0.01
блоки;блоки питания и преобразования;2478;0.0;8907;0.01
блоки;блоки питания и сигнализации;1401;0.0;8907;0.01
блоки;блоки управления;2273;0.0;8907;0.01
блоки;блоки электронные;1665;0.06;8907;0.01
ваттметры;ваттварметры;39;0.59;2982;0.12
ваттметры;ваттметры;729;0.07;2982;0.12
ваттметры;ваттметры и варметры;611;0.08;2982;0.12
ваттметры;ваттметры переносные;333;0.03;2982;0.12
ваттметры;ваттметры поглощаемой мощности;1169;0.19;2982;0.12
ваттметры;ваттметры проходящей мощности;28;0.39;2982;0.12
ваттметры;ваттметры щитовые;73;0.0;2982;0.12
весы;весы;43779;0.12;433045;0.4
весы;весы автоматические;71;0.87;433045;0.4
весы;весы автомобильные;3578;0.03;433045;0.4
весы;весы автомобильные для статического;41596;0.25;433045;0.4
весы;весы бункерные электронные;321;0.01;433045;0.4
весы;весы вагонные;670;0.09;433045;0.4
весы;весы конвейерные;96;0.71;433045;0.4
весы;весы крановые;4013;0.09;433045;0.4
весы;весы лабораторные электронные;23627;0.38;433045;0.4
весы;весы медицинские;3950;0.12;433045;0.4
весы;весы напольные;18171;0.2;433045;0.4
весы;весы настольные электронные;26130;0.01;433045;0.4
весы;весы неавтоматического действия;20235;0.44;433045;0.4
весы;весы платформенные;7711;0.15;433045;0.4
весы;весы платформенные передвижные;2057;0.0;433045;0.4
весы;весы подвесные крановые;1403;0.02;433045;0.4
весы;весы промышленные;2437;0.26;433045;0.4
весы;весы рычажные настольные циферблатные;3511;0.0;433045;0.4
весы;весы стационарные электронные;4279;0.95;433045;0.4
весы;весы счетные;623;0.47;433045;0.4
весы;весы товарные;7448;0.12;433045;0.4
весы;весы торговые электронные;16997;0.9;433045;0.4
весы;весы электронные;132277;0.65;433045;0.4
весы;весы электронные лабораторные;5391;1.0;433045;0.4
весы;весы электронные платформенные;62511;0.3;433045;0.4
весы;весы-компараторы;163;1.0;433045;0.4
виброметры;виброметры;1023;0.15;1329;0.2
виброметры;виброметры лазерные;182;0.55;1329;0.2
виброметры;виброметры общего назначения;12;0.0;1329;0.2
виброметры;виброметры, анализаторы спектра;87;0.2;1329;0.2
виброметры;виброметры-балансировщики;25;0.0;1329;0.2
вибропреобразователи;виброанализаторы;233;0.03;18910;0.11
вибропреобразователи;виброколлекторы;130;0.04;18910;0.11
вибропреобразователи;вибропреобразователи;11967;0.07;18910;0.11
вибропреобразователи;вибростенды переносные;208;0.01;18910;0.11
вибропреобразователи;виброустановка поверочная;96;0.48;18910;0.11
вибропреобразователи;каналы измерительные скорости и;5832;0.18;18910;0.11
вибропреобразователи;сейсмоприемники пьезоэлектрические;373;0.3;18910;0.11
вибропреобразователи;экзаменаторы для контроля уровней;71;0.0;18910;0.11
вискозиметры;вибровискозиметры;18;1.0;8508;0.16
вискозиметры;вискозиметры;1698;0.12;8508;0.16
вискозиметры;вискозиметры брукфильда ротационные;599;0.54;8508;0.16
вискозиметры;вискозиметры капиллярные стеклянные;6049;0.12;8508;0.16
вискозиметры;вискозиметры ротационные;133;0.99;8508;0.16
вискозиметры;микровискозиметры автоматизированные;11;0.91;8508;0.16
влагомеры;влагомеры;113;0.78;2588;0.52
влагомеры;влагомеры зерна;53;0.92;2588;0.52
влагомеры;влагомеры нефти поточные;638;0.03;2588;0.52
влагомеры;влагомеры поточные;897;0.9;2588;0.52
влагомеры;влагомеры сырой нефти;395;0.0;2588;0.52
влагомеры;влагомеры термогравиметрические инфракрасные;492;0.78;2588;0.52
вольтметры;ампервольтметры;143;0.02;25023;0.18
вольтметры;вольтамперметры;2276;0.0;25023;0.18
вольтметры;вольтамперфазометры;2208;0.06;25023;0.18
вольтметры;вольтметры;4230;0.02;25023;0.18
вольтметры;вольтметры переносные;2774;0.14;25023;0.18
вольтметры;вольтметры универсальные;7752;0.43;25023;0.18
вольтметры;вольтметры щитовые;676;0.39;25023;0.18
вольтметры;киловольтметры электростатические;535;0.11;25023;0.18
вольтметры;микровольтметры селективные;566;0.09;25023;0.18
вольтметры;милливольтметры;2680;0.03;25023;0.18
вольтметры;милливольтмиллиамперметры;1183;0.0;25023;0.18
газоанализаторы;газоанализаторы;61602;0.13;114995;0.21
газоанализаторы;газоанализаторы автоматические;70;0.0;114995;0.21
газоанализаторы;газоанализаторы горючих газов;1140;0.28;114995;0.21
газоанализаторы;газоанализаторы инфракрасные;567;0.0;114995;0.21
газоанализаторы;газоанализаторы кислорода;216;0.34;114995;0.21
газоанализаторы;газоанализаторы многокомпонентные;2309;0.25;114995;0.21
газоанализаторы;газоанализаторы окиси углерода;832;0.0;114995;0.21
газоанализаторы;газоанализаторы переносные;1975;0.0;114995;0.21
газоанализаторы;газоанализаторы персональные;1585;0.03;114995;0.21
газоанализаторы;газоанализаторы портативные;19380;0.56;114995;0.21
газоанализаторы;газоанализаторы стационарные;7595;0.09;114995;0.21
газоанализаторы;газоанализаторы углеводородных газов стационарные;5087;0.61;114995;0.21
газоанализаторы;газоанализаторы универсальные;2301;0.01;114995;0.21
газоанализаторы;газоанализаторы хроматографические;82;0.24;114995;0.21
газоанализаторы;газосигнализаторы;10069;0.02;114995;0.21
газоанализаторы;газосигнализаторы многоканальные;185;0.54;114995;0.21
генераторы;генеpатоpы импульсов;233;0.03;11768;0.33
генераторы;генераторы влажного газа;57;0.4;11768;0.33
генераторы;генераторы газовых смесей;104;0.0;11768;0.33
генераторы;генераторы измерительные;271;0.11;11768;0.33
генераторы;генераторы импульсов;1057;0.11;11768;0.33
генераторы;генераторы инфранизкочастотные высоковольтные;66;1.0;11768;0.33
генераторы;генераторы испытательных импульсов;259;0.01;11768;0.33
генераторы;генераторы сигналов;3725;0.7;11768;0.33
генераторы;генераторы сигналов высокочастотные;4705;0.11;11768;0.33
генераторы;генераторы сигналов специальной формы;721;0.59;11768;0.33
генераторы;генераторы функциональные;442;0.02;11768;0.33
генераторы;генераторы шума;128;0.51;11768;0.33
гири;гири 2-го класса;479;0.0;46446;0.02
гири;гири 500 кг м1;268;0.0;46446;0.02
гири;гири класса точности м1;2119;0.07;46446;0.02
гири;гири классов точности e1,;41958;0.02;46446;0.02
гири;гири образцовые;1511;0.0;46446;0.02
гири;гири общего назначения;111;0.0;46446;0.02
головки;головки измерительные;3771;0.37;6334;0.51
головки;головки измерительные с отсчетом;357;0.49;6334;0.51
головки;головки измерительные цифровые;1346;0.94;6334;0.51
головки;головки микрометрические;308;0.19;6334;0.51
головки;головки оптические делительные;114;0.11;6334;0.51
головки;головки термисторные;438;0.75;6334;0.51
дальномеры;автоколлиматоры;119;0.01;150779;0.12
дальномеры;гемоглобинометры фотометрические портативные;5140;0.06;150779;0.12
дальномеры;глюкометры;1666;0.21;150779;0.12
дальномеры;дальномеры лазерные;8514;1.0;150779;0.12
дальномеры;денситометры;406;0.13;150779;0.12
дальномеры;диоптриметры автоматические;2141;0.21;150779;0.12
дальномеры;длиномеры горизонтальные;187;0.12;150779;0.12
дальномеры;интерферометры;1658;0.0;150779;0.12
дальномеры;магнитометры;464;0.0;150779;0.12
дальномеры;микрошприцы;42343;0.0;150779;0.12
дальномеры;проекторы измерительные;42238;0.1;150779;0.12
дальномеры;секундомеры механические;23573;0.0;150779;0.12
дальномеры;сканеры лазерные;151;1.0;150779;0.12
дальномеры;спидометры механические;19337;0.09;150779;0.12
дальномеры;тонометры автоматические;2842;0.77;150779;0.12
датчики;датчики весоизмерительные тензорезисторные;317;0.24;185053;0.17
датчики;датчики вибрации;357;0.03;185053;0.17
датчики;датчики газов;12667;0.35;185053;0.17
датчики;датчики давления;60845;0.08;185053;0.17
датчики;датчики давления малогабаритные;8876;0.11;185053;0.17
датчики;датчики избыточного давления;6177;0.0;185053;0.17
датчики;датчики крутящего момента силы;539;0.12;185053;0.17
датчики;датчики нагрузки;8302;0.81;185053;0.17
датчики;датчики сило- и весоизмерительные;22380;0.46;185053;0.17
датчики;датчики силоизмерительные тензорезисторные;874;0.46;185053;0.17
датчики;датчики температуры;34658;0.07;185053;0.17
датчики;датчики угла поворота;15312;0.0;185053;0.17
датчики;датчики-газоанализаторы;13671;0.12;185053;0.17
датчики;задатчики давления;78;0.0;185053;0.17
дефектоскопы;дефектоскопы;376;0.04;5186;0.1
дефектоскопы;дефектоскопы акустические;21;0.0;5186;0.1
дефектоскопы;дефектоскопы вихретоковые;419;0.08;5186;0.1
дефектоскопы;дефектоскопы многоканальные;90;0.08;5186;0.1
дефектоскопы;дефектоскопы оптические;65;0.05;5186;0.1
дефектоскопы;дефектоскопы ультразвуковые;4030;0.09;5186;0.1
дефектоскопы;дефектоскопы ультразвуковые портативные;137;0.58;5186;0.1
дефектоскопы;дефектоскопы-томографы ультразвуковые;25;0.04;5186;0.1
дефектоскопы;измерители-дефектоскопы феррозондовые;23;0.04;5186;0.1
динамометры;динамометры кистевые;5005;0.0;12279;0.0
динамометры;динамометры образцовые переносные;270;0.0;12279;0.0
динамометры;динамометры образцовые переносные 3-го;2262;0.0;12279;0.0
динамометры;динамометры общего назначения;1788;0.0;12279;0.0
динамометры;динамометры пружинные указывающие;845;0.0;12279;0.0
динамометры;динамометры электронные;2109;0.02;12279;0.0
дозаторы;дозаторы;9036;0.15;54858;0.55
дозаторы;дозаторы автоматические и механические;26557;0.99;54858;0.55
дозаторы;дозаторы весовые автоматические;96;0.21;54858;0.55
дозаторы;дозаторы весовые дискретного действия;314;0.2;54858;0.55
дозаторы;дозаторы лабораторные;171;0.66;54858;0.55
дозаторы;дозаторы пипеточные;18638;0.1;54858;0.55
дозаторы;дозаторы поршневые;46;0.7;54858;0.55
дозиметры;дозиметры;4196;0.15;15344;0.07
дозиметры;дозиметры бытовые;31;0.39;15344;0.07
дозиметры;дозиметры гамма-излучения;3375;0.0;15344;0.07
дозиметры;дозиметры индивидуальные;1147;0.31;15344;0.07
дозиметры;дозиметры микропроцессорные;577;0.0;15344;0.07
дозиметры;дозиметры рентгеновского излучения;1097;0.01;15344;0.07
дозиметры;дозиметры универсальные;1511;0.01;15344;0.07
дозиметры;дозиметры-радиометры;3410;0.0;15344;0.07
измерители;измерители rlc;9371;0.13;630686;0.41
измерители;измерители артериального давления и;303394;0.43;630686;0.41
измерители;измерители артериального давления механические;247227;0.4;630686;0.41
измерители;измерители влажности и температуры;9435;0.05;630686;0.41
измерители;измерители деформации клейковины;501;0.07;630686;0.41
измерители;измерители длины материалов;663;0.01;630686;0.41
измерители;измерители иммитанса;1357;0.22;630686;0.41
измерители;измерители комбинированные;9760;0.99;630686;0.41
измерители;измерители коэффициента шума;817;0.26;630686;0.41
измерители;измерители крутящего момента силы;594;0.54;630686;0.41
измерители;измерители ксвн панорамные;252;0.0;630686;0.41
измерители;измерители напряженности магнитного поля;3751;0.01;630686;0.41
измерители;измерители оптической мощности;1374;0.41;630686;0.41
измерители;измерители параметров электроустановок;5272;0.49;630686;0.41
измерители;измерители прочности бетона;2459;0.0;630686;0.41
измерители;измерители скорости водного потока;880;0.01;630686;0.41
измерители;измерители сопротивления заземления;10574;0.23;630686;0.41
измерители;измерители температуры;2695;0.19;630686;0.41
измерители;измерители уровня;4611;0.05;630686;0.41
измерители;измерители цифровые;14677;0.83;630686;0.41
измерители;измерители-сигнализаторы поисковые;1022;0.1;630686;0.41
индикаторы;индикаторы веса гидравлические;479;0.0;37586;0.14
индикаторы;индикаторы весоизмерительные;211;0.05;37586;0.14
индикаторы;индикаторы многооборотные;123;0.04;37586;0.14
индикаторы;индикаторы рычажно-зубчатые;726;0.22;37586;0.14
индикаторы;индикаторы часового типа;2345;0.67;37586;0.14
индикаторы;индикаторы часового типа с;33702;0.1;37586;0.14
источники;источники излучения оптические измерительные;52;1.0;18723;0.53
источники;источники калиброванных сигналов;157;0.14;18723;0.53
источники;источники напряжения и тока;233;0.02;18723;0.53
источники;источники оптического излучения;103;0.37;18723;0.53
источники;источники питания постоянного тока;17291;0.54;18723;0.53
источники;источники питания программируемые;612;0.74;18723;0.53
источники;источники постоянного тока;275;0.01;18723;0.53
калибраторы;калибраторы;1965;0.33;17395;0.45
калибраторы;калибраторы акустические;1051;0.29;17395;0.45
калибраторы;калибраторы давления;3535;0.36;17395;0.45
калибраторы;калибраторы многофункциональные;3242;0.8;17395;0.45
калибраторы;калибраторы мощности волноводные;81;0.56;17395;0.45
калибраторы;калибраторы температуры;1639;0.23;17395;0.45
калибраторы;калибраторы тока;1168;0.36;17395;0.45
калибраторы;калибраторы универсальные;1600;0.46;17395;0.45
калибраторы;калибраторы электрических сигналов;813;0.92;17395;0.45
калибраторы;калибраторы-измерители стандартных сигналов;1824;0.17;17395;0.45
калибраторы;калибраторы-контроллеры давления;477;0.88;17395;0.45
клещи;клещи токовые;1020;0.99;10148;0.89
клещи;клещи токоизмерительные;938;0.68;10148;0.89
клещи;клещи токоизмерительные ручные;1032;1.0;10148;0.89
клещи;клещи электроизмерительные;4605;0.88;10148;0.89
клещи;клещи электроизмерительные цифровые;1863;0.86;10148;0.89
клещи;клещи-мультиметры;690;1.0;10148;0.89
ключи;ключи динамометрические предельные;3560;0.93;11054;0.92
ключи;ключи динамометрические электронные;305;1.0;11054;0.92
ключи;ключи моментные предельные;2461;1.0;11054;0.92
ключи;ключи моментные предельные регулируемые;2982;0.92;11054;0.92
ключи;ключи моментные шкальные;1212;0.62;11054;0.92
ключи;отвертки моментные предельные;534;1.0;11054;0.92
колонки;колонки автозаправочные компримированного природного;108;0.03;28070;0.68
колонки;колонки газозаправочные;5;0.0;28070;0.68
колонки;колонки газораздаточные;21;0.52;28070;0.68
колонки;колонки для заправки сжиженным;301;0.04;28070;0.68
колонки;колонки для отпуска сжиженного;100;0.0;28070;0.68
колонки;колонки маслораздаточные;6;0.0;28070;0.68
колонки;колонки раздаточные сжиженного газа;617;0.97;28070;0.68
колонки;колонки раздаточные сжиженного углеводородного;44;0.41;28070;0.68
колонки;колонки сжиженного газа;167;1.0;28070;0.68
колонки;колонки топливораздаточные;26701;0.69;28070;0.68
компараторы;компараторы;56;0.2;1082;0.2
компараторы;компараторы горизонтальные;13;0.0;1082;0.2
компараторы;компараторы массы;230;0.87;1082;0.2
компараторы;компараторы напряжения;635;0.0;1082;0.2
компараторы;компараторы частотные;148;0.0;1082;0.2
комплексы;комплексы акустико-эмиссионные измерительные;59;0.03;115067;0.03
комплексы;комплексы аппаратно-программные;1412;0.0;115067;0.03
комплексы;комплексы газоаналитические;74;0.0;115067;0.03
комплексы;комплексы градуировки резервуаров;42;0.0;115067;0.03
комплексы;комплексы для измерения количества;7693;0.01;115067;0.03
комплексы;комплексы измерительно-вычислительные;1647;0.42;115067;0.03
комплексы;комплексы измерительные;3768;0.1;115067;0.03
комплексы;комплексы измерительные для диагностирования;13212;0.15;115067;0.03
комплексы;комплексы многониточные измерительные микропроцессорные;1824;0.05;115067;0.03
комплексы;комплексы поверочные портативные;187;0.0;115067;0.03
комплексы;комплексы программно-технические;169;0.02;115067;0.03
комплексы;комплексы программно-технические измерительные;1875;0.0;115067;0.03
комплексы;комплексы спектрометрические;288;0.16;115067;0.03
комплексы;комплексы хроматографические газовые;380;0.0;115067;0.03
комплексы;программно-аппаратные шифровальные (криптографические) средства;82392;0.0;115067;0.03
комплексы;средства аппаратно-программные аппаратуры учета;45;0.84;115067;0.03
комплекты;комплекты газоаналитические;213;0.82;33763;0.03
комплекты;комплекты для измерений соединителей;14218;0.0;33763;0.03
комплекты;комплекты дозиметров;1192;0.0;33763;0.03
комплекты;комплекты измерительные;1210;0.53;33763;0.03
комплекты;комплекты мер моделей дефектов;569;0.07;33763;0.03
комплекты;комплекты образцовые волноводных нагрузок;58;0.0;33763;0.03
комплекты;комплекты светофильтров;389;0.0;33763;0.03
комплекты;комплекты термопреобразователей сопротивления платиновых;15898;0.0;33763;0.03
комплекты;образцовые волноводные нагрузки малой;16;0.0;33763;0.03
кондуктометры;дымомеры;1184;0.06;7573;0.17
кондуктометры;иономеры лабораторные;1509;0.0;7573;0.17
кондуктометры;кондуктометры;1700;0.33;7573;0.17
кондуктометры;кондуктометры портативные;325;0.3;7573;0.17
кондуктометры;концентратомеры;579;0.0;7573;0.17
кондуктометры;мутномеры лабораторные;435;0.41;7573;0.17
кондуктометры;плотномеры;1621;0.19;7573;0.17
кондуктометры;пылемеры;220;0.3;7573;0.17
контроллеры;контроллеры;540;0.34;15683;0.13
контроллеры;контроллеры измерительные;564;0.69;15683;0.13
контроллеры;контроллеры микропроцессорные;229;0.0;15683;0.13
контроллеры;контроллеры многофункциональные;1674;0.01;15683;0.13
контроллеры;контроллеры программируемые;3749;0.26;15683;0.13
контроллеры;контроллеры сетевые индустриальные;1125;0.0;15683;0.13
контроллеры;контроллеры температурные;7564;0.06;15683;0.13
контроллеры;теплоэнергоконтроллеры;117;0.0;15683;0.13
контроллеры;термоконтроллеры;121;1.0;15683;0.13
копры;копры вертикальные;1;1.0;388;0.25
копры;копры маятниковые;244;0.4;388;0.25
копры;копры маятниковые для испытания;142;0.0;388;0.25
копры;копры маятниковые с цифровой;1;0.0;388;0.25
линейки;линейки поверочные;42339;0.11;50976;0.11
линейки;плиты поверочные и разметочные;1628;0.06;50976;0.11
линейки;рабочие эталоны 1-го разряда;113;0.04;50976;0.11
линейки;угольники поверочные 90° слесарные;6896;0.11;50976;0.11
магазины;магазины емкости;212;0.03;7097;0.02
магазины;магазины затухания;123;0.34;7097;0.02
магазины;магазины мер сопротивлений петли;404;0.02;7097;0.02
магазины;магазины нагрузок;371;0.0;7097;0.02
магазины;магазины сопротивления;4582;0.01;7097;0.02
магазины;магазины электрического сопротивления;1405;0.04;7097;0.02
манометры;вакуумметры тепловые;97;0.53;1769724;0.11
манометры;вакуумметры, тягомеры показывающие;1453;0.34;1769724;0.11
манометры;мановакуумметры;3621;0.0;1769724;0.11
манометры;манометры автомобильные;683;0.01;1769724;0.11
манометры;манометры грузопоршневые;668;0.09;1769724;0.11
манометры;манометры деформационные;14872;1.0;1769724;0.11
манометры;манометры дифференциальные;4634;0.59;1769724;0.11
манометры;манометры и мановакуумметры показывающие;42618;0.09;1769724;0.11
манометры;манометры мембранные точные;3551;0.06;1769724;0.11
манометры;манометры показывающие;635609;0.06;1769724;0.11
манометры;манометры технические;5496;0.0;1769724;0.11
манометры;манометры цифровые;3124;0.14;1769724;0.11
манометры;манометры, вакуумметры и мановакуумметры;941448;0.14;1769724;0.11
манометры;манометры, вакуумметры, мановакуумметры показывающие;110732;0.01;1769724;0.11
манометры;термоманометры показывающие;1118;0.48;1769724;0.11
масс-спектрометры;детекторы масс-селективные;380;1.0;1803;0.39
масс-спектрометры;масс-спектрометры;64;0.66;1803;0.39
масс-спектрометры;масс-спектрометры с индуктивно связанной;49;1.0;1803;0.39
масс-спектрометры;течеискатели масс-спектрометрические гелиевые;62;0.85;1803;0.39
масс-спектрометры;течеискатели-сигнализаторы;1080;0.02;1803;0.39
масс-спектрометры;хромато-масс-спектрометры;168;1.0;1803;0.39
машины;машины для испытания на;752;0.12;4666;0.26
машины;машины для испытания пружин;283;0.14;4666;0.26
машины;машины испытательные;479;0.51;4666;0.26
машины;машины испытательные универсальные;396;0.49;4666;0.26
машины;машины контрольно-мерильные;31;0.03;4666;0.26
машины;машины координатные измерительные;243;0.96;4666;0.26
машины;машины разрывные;355;0.0;4666;0.26
машины;машины разрывные для испытания;800;0.06;4666;0.26
машины;машины трехкоординатные измерительные;108;1.0;4666;0.26
машины;машины универсальные испытательные;265;0.76;4666;0.26
машины;прессы гидравлические;629;0.0;4666;0.26
машины;прессы испытательные;325;0.12;4666;0.26
мегаомметры;мегаомметры;22549;0.01;31038;0.06
мегаомметры;мегаомметры цифровые;661;0.42;31038;0.06
мегаомметры;мегомметры;1636;0.0;31038;0.06
мегаомметры;микроомметры;1572;0.24;31038;0.06
мегаомметры;микроомметры цифровые;726;0.1;31038;0.06
мегаомметры;миллиомметры цифровые;1231;0.46;31038;0.06
мегаомметры;омметры;892;0.03;31038;0.06
мегаомметры;тераомметры;1771;0.04;31038;0.06
мерники;мерники металлические технические;147;0.0;8083;0.0
мерники;мерники металлические технические 1-го;2732;0.0;8083;0.0
мерники;мерники образцовые 2-го разряда;522;0.0;8083;0.0
мерники;мерники стационарные металлические технические;77;0.0;8083;0.0
мерники;мерники технические 1-го класса;463;0.0;8083;0.0
мерники;мерники цилиндрические шкальные;12;0.0;8083;0.0
мерники;мерники эталонные 2-го разряда;4130;0.0;8083;0.0
меры;меры длины концевые плоскопараллельные;13771;0.05;26822;0.07
меры;меры для поверки пульсовых;2581;0.08;26822;0.07
меры;меры моделей дефектов;64;0.02;26822;0.07
меры;меры напряжения и тока;295;0.95;26822;0.07
меры;меры твердости образцовые;3092;0.0;26822;0.07
меры;меры электрического сопротивления однозначные;969;0.0;26822;0.07
меры;меры-имитаторы;177;0.33;26822;0.07
меры;наборы мер;940;0.01;26822;0.07
меры;наборы пробных очковых линз;4933;0.12;26822;0.07
микрометры;микрометры;54869;0.1;68468;0.18
микрометры;микрометры гладкие;5367;0.52;68468;0.18
микрометры;микрометры зубомерные;2447;0.94;68468;0.18
микрометры;микрометры рычажные;2067;0.21;68468;0.18
микрометры;микрометры специальные;137;0.1;68468;0.18
микрометры;микрометры трубные;474;0.0;68468;0.18
микрометры;микрометры цифровые;3107;0.52;68468;0.18
микроскопы;микроскопы;275;0.01;1595;0.08
микроскопы;микроскопы измерительные;1051;0.08;1595;0.08
микроскопы;микроскопы инструментальные;242;0.04;1595;0.08
микроскопы;микроскопы сканирующие зондовые;18;1.0;1595;0.08
микроскопы;микроскопы электронные растровые настольные;9;1.0;1595;0.08
модули;модули;1113;0.52;15171;0.12
модули;модули аналоговые;5111;0.03;15171;0.12
модули;модули ввода-вывода;174;0.0;15171;0.12
модули;модули взвешивающие;3567;0.0;15171;0.12
модули;модули давления;2061;0.2;15171;0.12
модули;модули измерительные;3145;0.19;15171;0.12
мониторы;мониторы анестезиологические и реаниматологические;4068;0.08;9536;0.56
мониторы;мониторы многофункциональные компьютеризированные;12;0.0;9536;0.56
мониторы;мониторы пациента;3462;0.88;9536;0.56
мониторы;мониторы прикроватные;1507;1.0;9536;0.56
мониторы;мониторы реанимационно-хирургические;326;0.84;9536;0.56
мониторы;мониторы фетальные;161;0.98;9536;0.56
мосты;барьеры искрозащиты;2204;0.13;7706;0.05
мосты;делители напряжения;779;0.12;7706;0.05
мосты;мосты постоянного тока;1932;0.01;7706;0.05
мосты;потенциометры;2387;0.0;7706;0.05
мосты;термостаты жидкостные;404;0.09;7706;0.05
мультиметры;мультиметpы;300;0.72;22360;0.89
мультиметры;мультиметры;3389;0.45;22360;0.89
мультиметры;мультиметры оптические;74;0.95;22360;0.89
мультиметры;мультиметры фотоколориметрические автоматизированные;19;0.0;22360;0.89
мультиметры;мультиметры цифровые;16631;0.99;22360;0.89
мультиметры;мультиметры цифровые прецизионные;1427;0.74;22360;0.89
мультиметры;мультиметры-калибраторы;247;1.0;22360;0.89
мультиметры;мультиметры-мегаомметры;273;1.0;22360;0.89
нивелиры;нивелиры;492;0.29;10018;0.95
нивелиры;нивелиры лазерные ротационные;92;0.96;10018;0.95
нивелиры;нивелиры оптико-механические с компенсатором;1458;0.99;10018;0.95
нивелиры;нивелиры оптические;4019;1.0;10018;0.95
нивелиры;нивелиры с компенсатором;3211;1.0;10018;0.95
нивелиры;нивелиры цифровые;348;0.74;10018;0.95
нивелиры;нивелиры электронные;398;1.0;10018;0.95
нутромеры;нутромеры индикаторные;3647;0.26;21025;0.24
нутромеры;нутромеры индикаторные с ценой;8127;0.19;21025;0.24
нутромеры;нутромеры микрометрические;2780;0.21;21025;0.24
нутромеры;нутромеры трехточечные;1371;0.92;21025;0.24
нутромеры;скобы индикаторные;715;0.47;21025;0.24
нутромеры;скобы рычажные;2991;0.03;21025;0.24
нутромеры;скобы с отсчетным устройством;1394;0.25;21025;0.24
осциллографы;осциллографы;756;0.23;10112;0.75
осциллографы;осциллографы двухканальные;117;0.36;10112;0.75
осциллографы;осциллографы двухлучевые;99;0.0;10112;0.75
осциллографы;осциллографы сервисные;55;0.76;10112;0.75
осциллографы;осциллографы универсальные;1509;0.07;10112;0.75
осциллографы;осциллографы цифровые;3428;1.0;10112;0.75
осциллографы;осциллографы цифровые запоминающие;2201;0.93;10112;0.75
осциллографы;осциллографы цифровые модульные;445;1.0;10112;0.75
осциллографы;осциллографы электронно-лучевые;532;0.78;10112;0.75
осциллографы;осциллографы-анализаторы спектра;60;1.0;10112;0.75
осциллографы;осциллографы-мультиметры цифровые;910;0.91;10112;0.75
пипетки;бюретки;11910;0.0;172034;0.0
пипетки;колбы;53395;0.01;172034;0.0
пипетки;пипетки с одной отметкой;96115;0.0;172034;0.0
пипетки;цилиндры;10614;0.01;172034;0.0
пирометры;пирометры;1388;0.92;5308;0.79
пирометры;пирометры инфракрасные;3827;0.76;5308;0.79
пирометры;пирометры оптические;18;0.06;5308;0.79
пирометры;пирометры портативные;68;0.29;5308;0.79
пирометры;пирометры точечные;7;1.0;5308;0.79
полуприцепы-цистерны;автомобили-цистерны;3;0.0;5050;0.02
полуприцепы-цистерны;автотопливозаправщики;745;0.0;5050;0.02
полуприцепы-цистерны;автотопливозаправщики и автоцистерны;78;0.0;5050;0.02
полуприцепы-цистерны;автоцистерны;488;0.02;5050;0.02
полуприцепы-цистерны;автоцистерны и автотопливозаправщики;760;0.02;5050;0.02
полуприцепы-цистерны;автоцистерны транспортные;35;0.0;5050;0.02
полуприцепы-цистерны;автоцистерны, автотопливозаправщики;416;0.0;5050;0.02
полуприцепы-цистерны;полуприцепы-топливозаправщики;48;0.0;5050;0.02
полуприцепы-цистерны;полуприцепы-цистерны;1617;0.05;5050;0.02
полуприцепы-цистерны;прицепы-цистерны;850;0.0;5050;0.02
полуприцепы-цистерны;топливовозы;10;0.0;5050;0.02
преобразователи;датчики перемещений (деформаций);406;0.62;628838;0.13
преобразователи;датчики разности давлений;761;0.01;628838;0.13
преобразователи;датчики расхода газа;2759;0.0;628838;0.13
преобразователи;датчики уровня;1549;0.01;628838;0.13
преобразователи;преобразователи;27045;0.41;628838;0.13
преобразователи;преобразователи виброизмерительные;1481;0.79;628838;0.13
преобразователи;преобразователи виброскорости;551;0.62;628838;0.13
преобразователи;преобразователи вихретоковые;132;0.98;628838;0.13
преобразователи;преобразователи влажности и температуры;567;0.95;628838;0.13
преобразователи;преобразователи вторичные;776;0.79;628838;0.13
преобразователи;преобразователи давления измерительные;109453;0.3;628838;0.13
преобразователи;преобразователи измерительные;32330;0.75;628838;0.13
преобразователи;преобразователи измерительные многофункциональные;12501;0.02;628838;0.13
преобразователи;преобразователи линейных перемещений;2564;0.78;628838;0.13
преобразователи;преобразователи напряжения измерительные;777;0.02;628838;0.13
преобразователи;преобразователи нормирующие;386;0.42;628838;0.13
преобразователи;преобразователи пневматические разности давлений;2214;0.05;628838;0.13
преобразователи;преобразователи промышленные;832;0.24;628838;0.13
преобразователи;преобразователи расхода электромагнитные;33013;0.03;628838;0.13
преобразователи;преобразователи температуры;7862;0.13;628838;0.13
преобразователи;преобразователи термоэлектрические;389861;0.01;628838;0.13
преобразователи;преобразователи уровня буйковые;854;0.36;628838;0.13
преобразователи;преобразователи частоты;164;0.55;628838;0.13
приборы;вторичные пневматические компенсационные интегрирующие;230;0.0;562632;0.9
приборы;приборы автоматические следящего уравновешивания;1119;0.0;562632;0.9
приборы;приборы аналоговые;2319;0.21;562632;0.9
приборы;приборы весоизмерительные;64;0.39;562632;0.9
приборы;приборы виброизмерительные;1192;0.0;562632;0.9
приборы;приборы вторичные;989;0.06;562632;0.9
приборы;приборы для измерения артериального;513827;0.95;562632;0.9
приборы;приборы измерительные;218;0.09;562632;0.9
приборы;приборы кабельные;512;0.0;562632;0.9
приборы;приборы комбинированные;25735;0.74;562632;0.9
приборы;приборы контроля изоляции;1876;0.03;562632;0.9
приборы;приборы многофункциональные электроизмерительные;2537;0.03;562632;0.9
приборы;приборы показывающие и регистрирующие;813;0.01;562632;0.9
приборы;приборы регистрирующие;2420;0.1;562632;0.9
приборы;приборы счетные одноканальные;105;0.0;562632;0.9
приборы;приборы щитовые цифровые электроизмерительные;4709;0.01;562632;0.9
приборы;приборы электроизмерительные многофункциональные;3696;0.01;562632;0.9
приборы;приборы энергетика многофункциональные портативные;271;0.0;562632;0.9
радиометры;альфа-бета радиометры для измерений;220;0.0;1809;0.05
радиометры;бета-радиометры;272;0.08;1809;0.05
радиометры;гамма-спектрометры;58;0.33;1809;0.05
радиометры;радиометры;163;0.21;1809;0.05
радиометры;радиометры газов;868;0.01;1809;0.05
радиометры;радиометры-дозиметры;228;0.0;1809;0.05
расходомеры;массомеры;2;1.0;52262;0.15
расходомеры;расходомеры;1723;0.26;52262;0.15
расходомеры;расходомеры вихревые;758;0.96;52262;0.15
расходомеры;расходомеры газа ультразвуковые;811;0.34;52262;0.15
расходомеры;расходомеры жидких сред;30;0.0;52262;0.15
расходомеры;расходомеры жидкости ультразвуковые двухканальные;363;0.29;52262;0.15
расходомеры;расходомеры кориолисовые;423;0.34;52262;0.15
расходомеры;расходомеры массовые;904;1.0;52262;0.15
расходомеры;расходомеры ультразвуковые;517;0.48;52262;0.15
расходомеры;расходомеры электромагнитные;8696;0.19;52262;0.15
расходомеры;расходомеры-счетчики жидкости ультразвуковые;3996;0.15;52262;0.15
расходомеры;расходомеры-счетчики электромагнитные;33437;0.08;52262;0.15
расходомеры;счетчики-расходомеры;602;0.25;52262;0.15
регистраторы;измерители-регуляторы микропроцессорные;30940;0.02;34426;0.04
регистраторы;регистраторы безбумажные;3486;0.22;34426;0.04
резервуары;резервуар железобетонный вертикальный цилиндрический;4;0.0;591;0.0
резервуары;резервуары вертикальные стальные цилиндрические;72;0.0;591;0.0
резервуары;резервуары горизонтальные стальные;18;0.0;591;0.0
резервуары;резервуары горизонтальные стальные цилиндрические;79;0.0;591;0.0
резервуары;резервуары горизонтальные товарной марки;7;0.0;591;0.0
резервуары;резервуары железобетонные прямоугольные;8;0.0;591;0.0
резервуары;резервуары стальные вертикальные цилиндрические;399;0.01;591;0.0
резервуары;резервуары стальные горизонтальные;4;0.0;591;0.0
рефлектометры;мини-рефлектометры оптические;44;1.0;1366;0.48
рефлектометры;ретрорефлектометры;420;0.26;1366;0.48
рефлектометры;рефлектометры;108;0.03;1366;0.48
рефлектометры;рефлектометры импульсные;76;0.05;1366;0.48
рефлектометры;рефлектометры оптические;718;0.7;1366;0.48
рефрактометры;дифрактометры рентгеновские;18;0.89;3806;0.58
рефрактометры;поляриметры автоматические;125;0.54;3806;0.58
рефрактометры;рефрактометры;1462;0.16;3806;0.58
рефрактометры;рефрактометры автоматические цифровые;1081;0.82;3806;0.58
рефрактометры;титраторы автоматические;1120;0.88;3806;0.58
рулетки;метроштоки;5740;0.0;48220;0.32
рулетки;рулетки измерительные металлические;35100;0.3;48220;0.32
рулетки;рулетки измерительные металлические 2-го;6155;0.82;48220;0.32
рулетки;уровни электронные;1225;0.11;48220;0.32
сигнализаторы;метан-реле для забойных машин;371;0.0;236265;0.06
сигнализаторы;сигнализаторы;35523;0.17;236265;0.06
сигнализаторы;сигнализаторы газа бытовые;9937;0.08;236265;0.06
сигнализаторы;сигнализаторы горючих газов;13042;0.02;236265;0.06
сигнализаторы;сигнализаторы загазованности;161915;0.02;236265;0.06
сигнализаторы;сигнализаторы метана;3311;0.02;236265;0.06
сигнализаторы;сигнализаторы оксида углерода;9530;0.14;236265;0.06
сигнализаторы;сигнализаторы термохимические;2636;0.71;236265;0.06
система;комплексы автоматики и телемеханики;35;0.0;21245;0.25
система;комплексы обработки диаграмм;13;0.0;21245;0.25
система;система автоматизированная информационно-измерительная коммерческого;4452;0.31;21245;0.25
система;система фотоэлектрическая;16;0.0;21245;0.25
система;системы аварийного отключения газа;290;0.42;21245;0.25
система;системы автоматизированные измерительные;228;0.28;21245;0.25
система;системы автоматического управления;12;0.92;21245;0.25
система;системы амбулаторные электрокардиографические;859;0.04;21245;0.25
система;системы бесконтактных измерений;79;0.71;21245;0.25
система;системы видеоизмерительные;130;0.53;21245;0.25
система;системы высокого напряжения измерительные;28;0.0;21245;0.25
система;системы газоаналитические;3287;0.16;21245;0.25
система;системы дорожного контроля;37;0.0;21245;0.25
система;системы измерений длительности соединений;1944;0.41;21245;0.25
система;системы измерительно-управляющие;375;0.55;21245;0.25
система;системы измерительные;2331;0.04;21245;0.25
система;системы капиллярного электрофореза;325;0.04;21245;0.25
система;системы комплексного управления мультипроцессорные;50;0.26;21245;0.25
система;системы контроля загазованности;263;0.15;21245;0.25
система;системы лазерные координатно-измерительные;128;0.95;21245;0.25
система;системы лазерные координатно-измерительные сканирующие;4751;0.13;21245;0.25
система;системы мобильного сканирования;59;0.9;21245;0.25
система;системы мониторинга роторных агрегатов;92;0.09;21245;0.25
система;системы оптические измерительные;314;1.0;21245;0.25
система;системы повременного учета соединений;56;0.07;21245;0.25
система;системы радиационного контроля;32;0.03;21245;0.25
система;системы термолюминесцентные дозиметрические;16;0.06;21245;0.25
система;системы управления виброиспытаниями;1040;0.8;21245;0.25
система;узлы учета нефтепродуктов;3;1.0;21245;0.25
спектрометры;спектрометры атомно-абсорбционные;651;0.31;1871;0.54
спектрометры;спектрометры комбинационного рассеяния;31;0.35;1871;0.54
спектрометры;спектрометры оптико-эмиссионные;98;1.0;1871;0.54
спектрометры;спектрометры оптические эмиссионные;97;1.0;1871;0.54
спектрометры;спектрометры рентгеновского и гамма-излучения;39;0.56;1871;0.54
спектрометры;спектрометры рентгенофлуоресцентные;212;1.0;1871;0.54
спектрометры;спектрометры рентгенофлуоресцентные энергодисперсионные;36;0.83;1871;0.54
спектрометры;спектрометры эмиссионные;230;0.29;1871;0.54
спектрометры;спектрометры эмиссионные с индуктивно;365;0.67;1871;0.54
спектрометры;спектрометры энергий рентгеновского излучения;112;0.29;1871;0.54
спектрофотометры;спектроколориметры;135;0.84;5412;0.66
спектрофотометры;спектроколориметры многоугловые;3;1.0;5412;0.66
спектрофотометры;спектрофлуориметры;8;0.62;5412;0.66
спектрофотометры;спектрофотометры;4892;0.63;5412;0.66
спектрофотометры;спектрофотометры атомно-абсорбционные;202;0.94;5412;0.66
спектрофотометры;спектрофотометры медицинские;159;0.99;5412;0.66
спектрофотометры;спектрофотометры прецизионные;7;1.0;5412;0.66
спектрофотометры;спектрофотометры сканирующие;6;1.0;5412;0.66
станции;бруски контрольные;333;0.07;87851;0.1
станции;кольца установочные;3197;0.78;87851;0.1
станции;линии измерительные;78;0.03;87851;0.1
станции;мензурки вместимостью 50, 100,;6532;0.0;87851;0.1
станции;нагрузки электронные;627;0.94;87851;0.1
станции;образцы шероховатости поверхности (сравнения);676;0.0;87851;0.1
станции;полигон пространственный эталонный;1960;0.0;87851;0.1
станции;преобразователи точки росы;5685;0.03;87851;0.1
станции;системы акустико-эмиссионные;8272;0.07;87851;0.1
станции;сита лабораторные;48244;0.08;87851;0.1
станции;станции автозаправочные передвижные;890;0.35;87851;0.1
станции;тележки весоповерочные самоходные;295;0.03;87851;0.1
станции;шунты измерительные стационарные взаимозаменяемые;8447;0.01;87851;0.1
станции;эквиваленты сети;63;0.9;87851;0.1
станции;электроэнцефалографы-анализаторы;2552;0.04;87851;0.1
стенды;стенды аэродинамические;21;0.0;2569;0.2
стенды;стенды балансировочные;14;1.0;2569;0.2
стенды;стенды диагностические компьютерные;3;0.0;2569;0.2
стенды;стенды для измерений тормозной;841;0.17;2569;0.2
стенды;стенды для поверки локомотивных;149;0.28;2569;0.2
стенды;стенды силовые роликовые тормозные;61;1.0;2569;0.2
стенды;стенды тормозные;1464;0.16;2569;0.2
стенды;стенды универсальные коллиматорные;16;0.19;2569;0.2
счетчики;конверторы выносные;13;0.0;10328882;0.03
счетчики;счетчики активной электрической энергии;39041;0.0;10328882;0.03
счетчики;счетчики аэрозольных частиц;753;0.81;10328882;0.03
счетчики;счетчики воды крыльчатые;1064052;0.02;10328882;0.03
счетчики;счетчики времени наработки;1815;0.0;10328882;0.03
счетчики;счетчики газа;541233;0.02;10328882;0.03
счетчики;счетчики газа бытовые;266511;0.06;10328882;0.03
счетчики;счетчики газа ротационные;43842;0.13;10328882;0.03
счетчики;счетчики горячей воды;13745;0.43;10328882;0.03
счетчики;счетчики жидкости;7116;0.05;10328882;0.03
счетчики;счетчики импульсов микропроцессорные;5073;0.0;10328882;0.03
счетчики;счетчики нефти турбинные;8326;0.01;10328882;0.03
счетчики;счетчики однофазные статические;2230;0.0;10328882;0.03
счетчики;счетчики тепла;14280;0.0;10328882;0.03
счетчики;счетчики тепловой энергии;594;0.99;10328882;0.03
счетчики;счетчики ультразвуковые;1403;0.0;10328882;0.03
счетчики;счетчики холодной воды;22304;0.57;10328882;0.03
счетчики;счетчики холодной и горячей;6823716;0.04;10328882;0.03
счетчики;счетчики электрической энергии;181902;0.0;10328882;0.03
счетчики;счетчики электрической энергии многофункциональные;251240;0.01;10328882;0.03
счетчики;счетчики электрической энергии трехфазные;1039650;0.01;10328882;0.03
счетчики;тепловодосчетчики;43;0.0;10328882;0.03
тахеометры;тахеометр электронный эталонный;2;1.0;8572;0.98
тахеометры;тахеометры электронные;7926;0.98;8572;0.98
тахеометры;тахеометры электронные взрывозащищенные;20;0.0;8572;0.98
тахеометры;тахеометры электронные под товарным;624;1.0;8572;0.98
тахометры;люксметры;3304;0.31;89162;0.1
тахометры;рейки дорожные универсальные;5654;0.62;89162;0.1
тахометры;тарификаторы таксофона;15540;0.0;89162;0.1
тахометры;тахографы цифровые;58264;0.05;89162;0.1
тахометры;тахометры электронные;1937;0.5;89162;0.1
тахометры;теодолиты;825;0.04;89162;0.1
тахометры;теодолиты электронные;753;0.99;89162;0.1
тахометры;фазометры;167;0.0;89162;0.1
тахометры;шаблоны путевые;2718;0.0;89162;0.1
твердомеры;микротвердомеры;120;0.4;3583;0.15
твердомеры;твердомеры;491;0.16;3583;0.15
твердомеры;твердомеры виккерса;131;0.63;3583;0.15
твердомеры;твердомеры динамические малогабаритные;161;0.04;3583;0.15
твердомеры;твердомеры портативные динамические;1234;0.13;3583;0.15
твердомеры;твердомеры роквелла;143;0.48;3583;0.15
твердомеры;твердомеры стационарные универсальные;64;0.95;3583;0.15
твердомеры;твердомеры универсальные;1239;0.03;3583;0.15
тепловизоры;камеры инфракрасные;234;1.0;2183;0.99
тепловизоры;камеры испытательные газовые переносные;1;0.0;2183;0.99
тепловизоры;камеры тепловизионные;105;1.0;2183;0.99
тепловизоры;тепловизоры;214;0.92;2183;0.99
тепловизоры;тепловизоры инфракрасные;1629;1.0;2183;0.99
тепловычислители;вычислители;2162;0.0;34463;0.03
тепловычислители;вычислители количества теплоты;7605;0.0;34463;0.03
тепловычислители;вычислители расхода природного газа;71;0.83;34463;0.03
тепловычислители;вычислители тепловой энергии;561;0.01;34463;0.03
тепловычислители;корректоры;1395;0.0;34463;0.03
тепловычислители;корректоры объема газа;5348;0.04;34463;0.03
тепловычислители;тепловычислители;17321;0.04;34463;0.03
теплосчетчики;теплосчетчики;133935;0.11;156005;0.12
теплосчетчики;теплосчетчики им2300тм;9;0.0;156005;0.12
теплосчетчики;теплосчетчики компактные;14717;0.19;156005;0.12
теплосчетчики;теплосчетчики механические;21;0.0;156005;0.12
теплосчетчики;теплосчетчики многоканальные;864;0.0;156005;0.12
теплосчетчики;теплосчетчики ультразвуковые;4788;0.35;156005;0.12
теплосчетчики;теплосчетчики электромагнитные;13;0.0;156005;0.12
теплосчетчики;теплосчетчики-водомеры;7;0.0;156005;0.12
теплосчетчики;теплосчетчики-регистраторы;1463;0.0;156005;0.12
теплосчетчики;теплосчетчики-регистраторы многоканальные;188;0.0;156005;0.12
термометры;термометры;23053;0.03;3737219;0.89
термометры;термометры биметаллические;147906;0.1;3737219;0.89
термометры;термометры жидкостные стеклянные;3380;0.07;3737219;0.89
термометры;термометры инфракрасные;3587;0.9;3737219;0.89
термометры;термометры контактные цифровые;8369;0.47;3737219;0.89
термометры;термометры лабораторные электронные;58521;0.01;3737219;0.89
термометры;термометры манометрические;5268;0.16;3737219;0.89
термометры;термометры медицинские цифровые;2558922;1.0;3737219;0.89
термометры;термометры метеорологические стеклянные;2981;0.0;3737219;0.89
термометры;термометры ртутные стеклянные лабораторные;10217;0.0;3737219;0.89
термометры;термометры сопротивления;68053;0.02;3737219;0.89
термометры;термометры стеклянные;41177;0.02;3737219;0.89
термометры;термометры технические жидкостные;72406;0.0;3737219;0.89
термометры;термометры цифровые;9504;0.87;3737219;0.89
термометры;термометры электронные;723875;1.0;3737219;0.89
термопреобразователи;катушки для калибровки бесконтактных;131;0.49;105419;0.11
термопреобразователи;катушки электрического сопротивления;4116;0.0;105419;0.11
термопреобразователи;сопротивления добавочные;220;0.02;105419;0.11
термопреобразователи;термопреобразователи;14818;0.01;105419;0.11
термопреобразователи;термопреобразователи с унифицированным выходным;16769;0.04;105419;0.11
термопреобразователи;термопреобразователи сопротивления;47397;0.09;105419;0.11
термопреобразователи;термопреобразователи сопротивления взрывозащищенные;2180;0.0;105419;0.11
термопреобразователи;термопреобразователи сопротивления платиновые;12856;0.53;105419;0.11
термопреобразователи;термопреобразователи универсальные;5124;0.0;105419;0.11
термопреобразователи;элементы нормальные;492;0.0;105419;0.11
термопреобразователи;элементы термометрические чувствительные платиновые;1316;0.0;105419;0.11
тестеры;тестеры аккумуляторных батарей;108;0.81;2316;0.54
тестеры;тестеры оптические;2208;0.52;2316;0.54
толщиномеры;толщиномеры;640;0.2;9334;0.21
толщиномеры;толщиномеры индикаторные;981;0.02;9334;0.21
толщиномеры;толщиномеры индукционные;57;0.28;9334;0.21
толщиномеры;толщиномеры магнитные;65;0.35;9334;0.21
толщиномеры;толщиномеры покрытий;2076;0.43;9334;0.21
толщиномеры;толщиномеры покрытий магнитные;629;0.07;9334;0.21
толщиномеры;толщиномеры ультразвуковые;4770;0.19;9334;0.21
толщиномеры;толщиномеры электромагнитно-акустические;116;0.0;9334;0.21
трансформаторы;трансформаторы комбинированные;67;0.45;333250;0.27
трансформаторы;трансформаторы напряжения;8725;0.08;333250;0.27
трансформаторы;трансформаторы напряжения антирезонансные;180;0.0;333250;0.27
трансформаторы;трансформаторы напряжения емкостные;247;0.68;333250;0.27
трансформаторы;трансформаторы напряжения заземляемые;3162;0.0;333250;0.27
трансформаторы;трансформаторы напряжения измерительные;402;0.19;333250;0.27
трансформаторы;трансформаторы напряжения измерительные лабораторные;64;0.0;333250;0.27
трансформаторы;трансформаторы напряжения однофазные;31;0.0;333250;0.27
трансформаторы;трансформаторы тока;193959;0.14;333250;0.27
трансформаторы;трансформаторы тока встроенные;1865;0.23;333250;0.27
трансформаторы;трансформаторы тока измерительные;14004;0.4;333250;0.27
трансформаторы;трансформаторы тока измерительные 0,66;351;0.0;333250;0.27
трансформаторы;трансформаторы тока измерительные на;57867;0.96;333250;0.27
трансформаторы;трансформаторы тока лабораторные;1;0.0;333250;0.27
трансформаторы;трансформаторы тока опорные;15090;0.0;333250;0.27
трансформаторы;трансформаторы тока проходные;1528;0.0;333250;0.27
трансформаторы;трансформаторы тока шинные;34936;0.0;333250;0.27
трансформаторы;трансформаторы тока элегазовые;771;0.0;333250;0.27
тягомеры,;дифманометры стрелочные показывающие;2513;0.0;34468;0.05
тягомеры,;тягомеры, напоромеры, тягонапоромеры мембранные;31955;0.05;34468;0.05
уровнемеры;радары радиоволновые;9;0.11;10497;0.57
уровнемеры;уровнемеры;3299;0.32;10497;0.57
уровнемеры;уровнемеры буйковые;2020;0.79;10497;0.57
уровнемеры;уровнемеры микроволновые;2626;0.83;10497;0.57
уровнемеры;уровнемеры поплавковые;870;0.15;10497;0.57
уровнемеры;уровнемеры радарные;363;0.81;10497;0.57
уровнемеры;уровнемеры ультразвуковые;1262;0.53;10497;0.57
уровнемеры;уровнемеры электронные переносные;48;0.98;10497;0.57
усилители;капсюли микрофонные конденсаторные;234;0.62;926;0.48
усилители;усилители измерительные;692;0.43;926;0.48
установки;установка образцовая;17;0.0;8764;0.1
установки;установки аэродинамические;33;0.03;8764;0.1
установки;установки высоковольтные измерительные;104;0.0;8764;0.1
установки;установки для поверки вольтметров;752;0.04;8764;0.1
установки;установки для поверки счетчиков;2530;0.18;8764;0.1
установки;установки дозиметрические термолюминесцентные;34;0.06;8764;0.1
установки;установки измерительные;1308;0.06;8764;0.1
установки;установки магнитоизмерительные;77;0.16;8764;0.1
установки;установки многофункциональные измерительные;80;1.0;8764;0.1
установки;установки поверочные;1018;0.14;8764;0.1
установки;установки поверочные для счетчиков;198;0.07;8764;0.1
установки;установки поверочные переносные;953;0.0;8764;0.1
установки;установки поверочные расходомерные;218;0.02;8764;0.1
установки;установки радиометрические;518;0.03;8764;0.1
установки;установки расходомерные массовые;16;0.0;8764;0.1
установки;установки топливораздаточные;885;0.04;8764;0.1
установки;установки трубопоршневые;23;0.17;8764;0.1
устройства;испытатели линейных интегральных схем;2;0.0;126996;0.19
устройства;устройства весоизмерительные;480;0.9;126996;0.19
устройства;устройства детектирования;110;0.05;126996;0.19
устройства;устройства для измерений углов;53480;0.2;126996;0.19
устройства;устройства измерительные параметров релейной;46302;0.27;126996;0.19
устройства;устройства испытательные;1208;0.0;126996;0.19
устройства;устройства многоканальной сигнализации;1305;0.02;126996;0.19
устройства;устройства сбора данных;43;0.12;126996;0.19
устройства;устройства сбора и передачи;3786;0.01;126996;0.19
устройства;устройства синхронизации времени;283;0.0;126996;0.19
устройства;устройства телемеханики удаленные;8;0.25;126996;0.19
устройства;устройства тензометрические весоизмерительные электронные;19989;0.04;126996;0.19
фотометры;фотометры;312;0.05;3321;0.39
фотометры;фотометры для микропланшетов;294;0.97;3321;0.39
фотометры;фотометры лабораторные медицинские;457;1.0;3321;0.39
фотометры;фотометры микропланшетные;245;0.99;3321;0.39
фотометры;фотометры пламенные;651;0.48;3321;0.39
фотометры;фотометры фотоэлектрические;1362;0.0;3321;0.39
фурье-спектрометры;калориметры бомбовые;177;0.64;825;0.45
фурье-спектрометры;фурье-спектрометры инфракрасные;648;0.4;825;0.45
хроматографы;хроматографы;312;0.1;3754;0.52
хроматографы;хроматографы газовые;1362;0.6;3754;0.52
хроматографы;хроматографы газовые аналитические;501;0.0;3754;0.52
хроматографы;хроматографы газовые промышленные;113;0.76;3754;0.52
хроматографы;хроматографы жидкостные;986;0.74;3754;0.52
хроматографы;хроматографы жидкостные микроколоночные;43;0.12;3754;0.52
хроматографы;хроматографы жидкостные/ионные;321;0.68;3754;0.52
хроматографы;хроматографы ионные;67;1.0;3754;0.52
хроматографы;хроматографы лабораторные газовые;49;0.0;3754;0.52
частотомеры;частотомеры;1317;0.13;6060;0.26
частотомеры;частотомеры резонансные;30;0.0;6060;0.26
частотомеры;частотомеры универсальные;745;0.93;6060;0.26
частотомеры;частотомеры цифровые;79;0.37;6060;0.26
частотомеры;частотомеры щитовые;102;0.0;6060;0.26
частотомеры;частотомеры электронно-счетные;2978;0.23;6060;0.26
частотомеры;частотомеры электронно-счетные с преобразователями;809;0.03;6060;0.26
штангенциркули;высотомеры;54;0.46;137619;0.28
штангенциркули;глубиномеры микрометрические;1614;0.15;137619;0.28
штангенциркули;зубомеры тангенциальные;7;0.0;137619;0.28
штангенциркули;угломеры маятниковые;1321;0.13;137619;0.28
штангенциркули;угломеры с нониусом;5025;0.09;137619;0.28
штангенциркули;штангенглубиномеры;8394;0.18;137619;0.28
штангенциркули;штангензубомеры с нониусами;595;0.2;137619;0.28
штангенциркули;штангенрейсмасы;7216;0.16;137619;0.28
штангенциркули;штангенциркули;89514;0.14;137619;0.28
штангенциркули;штангенциркули цифровые;23879;0.95;137619;0.28
электроды;станки балансировочные;267;0.78;15166;0.01
электроды;электроды ионоселективные;14899;0.0;15166;0.01
электрокардиографы;электрокардиографы;5295;0.33;9351;0.28
электрокардиографы;электрокардиографы 6-канальные;274;0.99;9351;0.28
электрокардиографы;электрокардиографы одно-, трехканальные;2867;0.04;9351;0.28
электрокардиографы;электрокардиографы одноканальные;135;0.46;9351;0.28
электрокардиографы;электрокардиографы портативные;322;0.29;9351;0.28
электрокардиографы;электрокардиографы трехканальные;458;0.66;9351;0.28
